City_ID,City,Country,Date,Lat,Lng,Max Temp,Humidity,Cloudiness,Wind Speed
0,Lebu,CL,2020-10-03 21:22:19,-37.62,-73.65,49.64,60,2,7.83
1,Carnarvon,AU,2020-10-03 21:19:23,-24.87,113.63,55.4,54,0,19.46
2,Hamilton,US,2020-10-03 21:21:33,39.18,-84.53,64.99,42,75,9.17
3,Qaanaaq,GL,2020-10-03 21:22:19,77.48,-69.36,24.6,88,100,0.6
4,Mataura,NZ,2020-10-03 21:22:19,-46.19,168.86,48.99,96,100,11.99
5,Mar Del Plata,AR,2020-10-03 21:20:42,-38.0,-57.56,46.0,56,75,10.29
6,Barrow,US,2020-10-03 21:22:19,71.29,-156.79,33.8,86,90,12.75
7,East London,ZA,2020-10-03 21:22:20,-33.02,27.91,62.08,84,97,10.78
8,Salalah,OM,2020-10-03 21:22:20,17.02,54.09,77.0,65,0,2.24
9,Kapaa,US,2020-10-03 21:22:20,22.08,-159.32,86.0,70,40,6.93
10,Bredasdorp,ZA,2020-10-03 21:22:20,-34.53,20.04,60.8,87,70,11.41
11,Show Low,US,2020-10-03 21:21:08,34.25,-110.03,82.4,3,1,5.82
12,Kieta,PG,2020-10-03 21:22:20,-6.22,155.63,80.1,71,1,6.51
13,Antofagasta,CL,2020-10-03 21:20:06,-23.65,-70.4,57.2,76,90,12.75
14,Atuona,PF,2020-10-03 21:22:20,-9.8,-139.03,78.21,74,31,24.7
15,Bluff,NZ,2020-10-03 21:22:20,-46.6,168.33,48.99,96,100,11.99
16,Ambilobe,MG,2020-10-03 21:18:28,-13.2,49.05,70.47,83,13,4.52
17,Tres Arroyos,AR,2020-10-03 21:22:21,-38.37,-60.28,47.35,55,11,14.07
18,Fort Nelson,CA,2020-10-03 21:18:33,58.81,-122.7,50.0,81,75,3.36
19,Nizhniy Tsasuchey,RU,2020-10-03 21:22:21,50.52,115.13,36.72,87,100,18.07
20,Hobart,AU,2020-10-03 21:22:13,-42.88,147.33,50.0,93,90,4.7
21,Georgetown,MY,2020-10-03 21:22:21,5.41,100.34,78.01,94,20,2.24
22,Nishihara,JP,2020-10-03 21:22:21,26.18,127.76,78.8,88,75,5.82
23,Chiquinquira,CO,2020-10-03 21:22:21,5.62,-73.82,59.32,93,75,0.49
24,Kodiak,US,2020-10-03 21:22:21,57.79,-152.41,51.8,66,1,10.29
25,Punta Arenas,CL,2020-10-03 21:19:30,-53.15,-70.92,48.2,57,75,28.86
26,Ushuaia,AR,2020-10-03 21:17:56,-54.8,-68.3,46.4,61,40,20.8
27,Bethel,US,2020-10-03 21:22:22,41.37,-73.41,62.6,42,20,5.82
28,Saint-Philippe,RE,2020-10-03 21:22:22,-21.36,55.77,73.4,78,90,13.87
29,Sao Filipe,CV,2020-10-03 21:22:22,14.9,-24.5,79.72,76,2,14.61
30,Luanda,AO,2020-10-03 21:22:22,-8.84,13.23,73.4,83,75,11.41
31,Arraial Do Cabo,BR,2020-10-03 21:22:22,-22.97,-42.03,75.2,94,75,11.41
32,Avarua,CK,2020-10-03 21:22:23,-21.21,-159.78,78.8,65,53,10.29
33,Rikitea,PF,2020-10-03 21:22:23,-23.12,-134.97,72.99,78,0,16.82
34,Hermanus,ZA,2020-10-03 21:22:23,-34.42,19.23,61.0,85,19,8.99
35,Puerto Ayora,EC,2020-10-03 21:22:23,-0.74,-90.35,75.2,64,75,9.17
36,Tuktoyaktuk,CA,2020-10-03 21:22:23,69.45,-133.04,44.6,93,90,5.82
37,Sao Jose Da Coroa Grande,BR,2020-10-03 21:22:23,-8.9,-35.15,76.1,79,99,8.57
38,Coquimbo,CL,2020-10-03 21:22:23,-29.95,-71.34,60.8,51,100,13.87
39,Mount Isa,AU,2020-10-03 21:22:23,-20.73,139.5,73.4,38,48,12.75
40,Nola,IT,2020-10-03 21:22:23,40.92,14.53,72.0,69,85,7.0
41,Okha,RU,2020-10-03 21:22:24,53.57,142.95,48.2,88,100,22.5
42,Port Lincoln,AU,2020-10-03 21:22:24,-34.73,135.87,56.97,93,100,10.56
43,Avera,US,2020-10-03 21:22:24,33.19,-82.53,73.4,43,1,10.29
44,Busselton,AU,2020-10-03 21:22:24,-33.65,115.33,48.0,69,89,9.57
45,Mehamn,NO,2020-10-03 21:22:24,71.04,27.85,48.2,81,40,10.29
46,Jamestown,US,2020-10-03 21:22:24,42.1,-79.24,55.99,62,90,5.82
47,Cabo San Lucas,MX,2020-10-03 21:22:24,22.89,-109.91,91.4,52,5,10.29
48,Nizwa,OM,2020-10-03 21:22:24,22.93,57.53,80.92,29,0,2.3
49,Saint George,US,2020-10-03 21:22:25,37.1,-113.58,93.0,7,1,4.7
50,Pirganj,BD,2020-10-03 21:22:25,25.85,88.36,77.5,90,92,2.33
51,Almeirim,BR,2020-10-03 21:22:25,-1.52,-52.58,91.36,46,11,3.83
52,Albany,US,2020-10-03 21:22:25,42.6,-73.97,59.0,63,55,6.53
53,Port Alfred,ZA,2020-10-03 21:22:25,-33.59,26.89,62.15,85,84,19.28
54,Daru,PG,2020-10-03 21:22:25,-9.08,143.21,78.4,88,100,16.58
55,Adre,TD,2020-10-03 21:22:25,13.47,22.2,77.54,65,53,11.81
56,Ushtobe,KZ,2020-10-03 21:22:26,45.25,77.98,45.27,56,37,2.48
57,Torrington,US,2020-10-03 21:20:39,41.8,-73.12,64.0,56,0,5.01
58,Palana,RU,2020-10-03 21:22:26,59.12,159.97,36.95,79,58,6.64
59,Susuman,RU,2020-10-03 21:22:26,62.78,148.17,22.96,75,0,1.68
60,Faya,SA,2020-10-03 21:22:26,18.39,42.45,64.4,20,0,5.82
61,Coihaique,CL,2020-10-03 21:22:27,-45.58,-72.07,60.8,23,0,10.29
62,Elmira,US,2020-10-03 21:17:57,42.09,-76.81,57.2,35,20,3.36
63,Provideniya,RU,2020-10-03 21:22:27,64.38,-173.3,37.67,77,68,9.51
64,Narsaq,GL,2020-10-03 21:22:27,60.92,-46.05,37.4,69,82,2.24
65,Lagoa,PT,2020-10-03 21:22:27,39.05,-27.98,68.95,87,78,16.71
66,Sinnamary,GF,2020-10-03 21:22:27,5.38,-52.95,81.97,78,72,10.27
67,Merauke,ID,2020-10-03 21:22:27,-8.47,140.33,78.76,83,100,11.9
68,Cape Town,ZA,2020-10-03 21:22:27,-33.93,18.42,62.01,77,0,5.82
69,Silver City,US,2020-10-03 21:22:28,32.77,-108.28,87.8,3,1,12.75
70,Bentiu,SS,2020-10-03 21:22:28,9.23,29.83,75.13,84,96,1.61
71,Fort Frances,CA,2020-10-03 21:22:28,48.6,-93.4,46.99,42,75,2.51
72,Aasiaat,GL,2020-10-03 21:22:28,68.71,-52.87,25.99,95,99,3.74
73,Mercedes,AR,2020-10-03 21:22:28,-34.65,-59.43,52.0,61,15,5.99
74,Chokurdakh,RU,2020-10-03 21:22:28,70.63,147.92,27.97,98,99,14.23
75,Talnakh,RU,2020-10-03 21:22:28,69.49,88.4,24.8,92,0,33.55
76,Luderitz,NA,2020-10-03 21:22:28,-26.65,15.16,56.44,81,0,9.48
77,Venado Tuerto,AR,2020-10-03 21:22:29,-33.75,-61.97,53.01,44,99,13.0
78,New Norfolk,AU,2020-10-03 21:21:29,-42.78,147.06,50.0,92,100,0.74
79,Orocue,CO,2020-10-03 21:22:29,4.79,-71.34,89.64,53,21,1.34
80,Necochea,AR,2020-10-03 21:22:29,-38.55,-58.74,44.01,62,9,1.99
81,Milkovo,RU,2020-10-03 21:22:29,54.72,158.62,37.92,77,0,1.05
82,Esperance,AU,2020-10-03 21:22:29,-33.87,121.9,46.4,100,75,5.82
83,Aklavik,CA,2020-10-03 21:22:29,68.22,-135.01,50.0,87,75,3.36
84,Vila Franca Do Campo,PT,2020-10-03 21:22:29,37.72,-25.43,69.8,88,75,10.29
85,Karratha,AU,2020-10-03 21:21:30,-20.74,116.85,58.3,34,90,15.55
86,Cidreira,BR,2020-10-03 21:22:30,-30.18,-50.21,56.82,89,100,16.69
87,Nome,US,2020-10-03 21:22:30,64.5,-165.41,50.0,76,90,10.29
88,Airai,TL,2020-10-03 21:22:30,-8.93,125.41,56.89,86,97,2.68
89,Severo-Kurilsk,RU,2020-10-03 21:22:30,50.68,156.12,46.11,76,100,6.51
90,Magomeni,TZ,2020-10-03 21:22:30,-6.8,39.25,75.2,83,5,3.36
91,Cheyenne,US,2020-10-03 21:22:31,41.14,-104.82,64.99,23,1,12.75
92,Kvarkeno,RU,2020-10-03 21:22:31,52.08,59.73,48.38,84,5,7.58
93,Norman Wells,CA,2020-10-03 21:22:31,65.28,-126.83,57.2,58,75,3.36
94,Port Hardy,CA,2020-10-03 21:22:31,50.7,-127.42,57.2,93,90,4.94
95,Dakar,SN,2020-10-03 21:21:30,14.69,-17.44,82.4,83,20,13.87
96,Butaritari,KI,2020-10-03 21:22:31,3.07,172.79,81.64,71,99,9.42
97,Castro,BR,2020-10-03 21:22:31,-24.79,-50.01,68.81,76,75,12.71
98,Sitka,US,2020-10-03 21:22:32,57.05,-135.33,53.6,87,90,4.7
99,Audru,EE,2020-10-03 21:22:32,58.41,24.37,55.0,78,89,8.01
100,Samarai,PG,2020-10-03 21:22:32,-10.62,150.67,78.55,84,73,12.97
101,Zhucheng,CN,2020-10-03 21:18:45,35.99,119.4,57.43,49,96,11.52
102,Kaka,TM,2020-10-03 21:22:32,37.35,59.61,52.99,40,0,1.3
103,Pohrebyshche,UA,2020-10-03 21:22:32,49.49,29.26,60.69,78,100,12.93
104,Cherskiy,RU,2020-10-03 21:22:32,68.75,161.3,27.57,95,15,4.7
105,Longyearbyen,SJ,2020-10-03 21:20:09,78.22,15.64,32.0,86,75,4.7
106,Pacifica,US,2020-10-03 21:21:10,37.61,-122.49,78.01,61,20,4.7
107,Bambous Virieux,MU,2020-10-03 21:22:33,-20.34,57.76,71.6,88,40,1.12
108,Sinegorye,RU,2020-10-03 21:22:33,62.08,150.48,31.46,86,41,1.34
109,Pozo Colorado,PY,2020-10-03 21:22:33,-23.49,-58.8,87.22,36,0,9.84
110,Ubinskoye,RU,2020-10-03 21:22:33,55.31,79.68,45.19,78,79,13.31
111,Taylor,US,2020-10-03 21:22:33,32.3,-99.83,88.0,28,1,9.17
112,Aguada De Pasajeros,CU,2020-10-03 21:22:33,22.39,-80.85,87.28,67,60,6.71
113,Upernavik,GL,2020-10-03 21:18:05,72.79,-56.15,32.41,91,77,11.52
114,Labuhan,ID,2020-10-03 21:22:34,-6.88,112.21,78.46,80,49,9.22
115,Nikolskoye,RU,2020-10-03 21:22:34,59.7,30.79,57.99,71,100,6.71
116,Manali,IN,2020-10-03 21:22:34,13.17,80.27,82.4,78,40,6.93
117,Khartoum,SD,2020-10-03 21:17:44,15.55,32.53,86.0,51,5,16.11
118,Mahebourg,MU,2020-10-03 21:22:34,-20.41,57.7,71.6,88,40,1.12
119,Healesville,AU,2020-10-03 21:21:28,-37.65,145.52,61.0,74,71,5.39
120,Port Elizabeth,ZA,2020-10-03 21:22:34,-33.92,25.57,60.8,93,92,13.87
121,Ribeira Grande,PT,2020-10-03 21:22:34,38.52,-28.7,69.8,83,75,3.36
122,Valentigney,FR,2020-10-03 21:22:34,47.46,6.83,48.99,81,75,21.92
123,Shingu,JP,2020-10-03 21:22:34,33.73,135.98,66.54,89,98,3.85
124,Kamenka,RU,2020-10-03 21:22:35,51.32,42.77,52.72,56,100,6.76
125,Sault Sainte Marie,CA,2020-10-03 21:22:35,46.52,-84.33,46.4,65,90,5.82
126,Dzaoudzi,YT,2020-10-03 21:22:35,-12.79,45.27,78.8,78,20,3.36
127,Tazovskiy,RU,2020-10-03 21:22:35,67.47,78.7,31.1,96,19,22.03
128,Prince Albert,CA,2020-10-03 21:22:35,53.2,-105.77,53.6,54,75,6.93
129,Gat,IL,2020-10-03 21:22:35,31.61,34.76,73.99,72,0,1.95
130,Kikwit,CD,2020-10-03 21:22:35,-5.04,18.82,75.07,83,50,1.72
131,Ixtapa,MX,2020-10-03 21:22:35,20.7,-105.2,90.0,49,5,9.17
132,Yellowknife,CA,2020-10-03 21:22:35,62.46,-114.35,50.0,76,75,20.8
133,Maragogi,BR,2020-10-03 21:22:36,-9.01,-35.22,75.58,80,100,8.61
134,San Rafael,AR,2020-10-03 21:19:24,-34.62,-68.33,45.16,75,99,14.65
135,Ukiah,US,2020-10-03 21:17:46,39.15,-123.21,98.6,8,1,13.87
136,Tasiilaq,GL,2020-10-03 21:22:36,65.61,-37.64,30.2,86,0,4.18
137,Bassar,TG,2020-10-03 21:22:36,9.25,0.78,73.4,100,75,9.17
138,Fortuna,US,2020-10-03 21:22:36,40.6,-124.16,62.6,88,90,16.11
139,Kavieng,PG,2020-10-03 21:22:36,-2.57,150.8,83.26,76,100,13.51
140,Guerrero Negro,MX,2020-10-03 21:20:17,27.98,-114.06,90.63,25,0,12.48
141,Erzin,TR,2020-10-03 21:22:37,36.96,36.2,77.0,75,0,1.45
142,Vaini,TO,2020-10-03 21:22:37,-21.2,-175.2,73.4,94,90,11.41
143,Iqaluit,CA,2020-10-03 21:22:37,63.75,-68.51,32.0,95,90,3.36
144,Koslan,RU,2020-10-03 21:22:37,63.46,48.9,32.5,93,3,2.35
145,La Ronge,CA,2020-10-03 21:22:37,55.1,-105.28,55.4,47,75,13.87
146,Caravelas,BR,2020-10-03 21:22:37,-17.71,-39.25,75.34,81,29,10.18
147,Yatou,CN,2020-10-03 21:22:37,37.15,122.38,57.18,75,15,5.68
148,Codrington,AU,2020-10-03 21:22:37,-38.27,141.97,56.55,92,100,2.98
149,Dogondoutchi,NE,2020-10-03 21:22:38,13.64,4.03,83.7,47,100,7.14
150,Hithadhoo,MV,2020-10-03 21:21:06,-0.6,73.08,83.34,73,100,11.05
151,Melita,CA,2020-10-03 21:22:38,49.27,-101.0,53.01,37,54,4.0
152,Cedar City,US,2020-10-03 21:20:11,37.68,-113.06,80.6,5,1,5.82
153,Dong Hoi,VN,2020-10-03 21:22:38,17.48,106.6,78.93,84,100,3.44
154,Chauk,MM,2020-10-03 21:22:38,20.88,94.82,79.18,84,98,9.37
155,Yar-Sale,RU,2020-10-03 21:22:31,66.83,70.83,32.32,92,72,17.67
156,Nedryhayliv,UA,2020-10-03 21:22:38,50.83,33.88,55.96,58,92,10.6
157,Surgut,RU,2020-10-03 21:22:38,61.25,73.42,35.6,69,40,15.66
158,Synya,RU,2020-10-03 21:22:39,65.37,58.04,30.06,98,0,3.6
159,Chuy,UY,2020-10-03 21:22:39,-33.7,-53.46,52.32,74,63,11.77
160,Arona,ES,2020-10-03 21:22:39,28.1,-16.68,73.99,78,75,3.44
161,Mildura,AU,2020-10-03 21:22:39,-34.2,142.15,77.0,25,27,14.99
162,Isangel,VU,2020-10-03 21:22:39,-19.55,169.27,77.0,73,75,9.17
163,Sao Gabriel Da Cachoeira,BR,2020-10-03 21:22:39,-0.13,-67.09,84.02,73,85,0.25
164,Troitsko-Pechorsk,RU,2020-10-03 21:22:39,62.71,56.2,30.58,96,0,4.99
165,Algiers,DZ,2020-10-03 21:18:03,36.75,3.04,59.0,77,20,8.25
166,Parana,AR,2020-10-03 21:22:40,-31.73,-60.52,51.57,56,100,14.43
167,Kaitangata,NZ,2020-10-03 21:22:40,-46.28,169.85,52.0,75,100,10.0
168,Brighton,GB,2020-10-03 21:21:51,50.83,-0.14,54.0,86,100,3.0
169,Lavrentiya,RU,2020-10-03 21:19:39,65.58,-171.0,38.37,76,95,16.26
170,Phichit,TH,2020-10-03 21:22:40,16.25,100.42,75.96,90,100,2.86
171,Maldonado,UY,2020-10-03 21:22:40,-34.67,-54.92,48.2,61,40,16.11
172,Albanel,CA,2020-10-03 21:18:56,48.88,-72.45,46.4,45,75,3.36
173,Nuuk,GL,2020-10-03 21:22:41,64.18,-51.72,33.8,69,20,6.93
174,Nanortalik,GL,2020-10-03 21:22:41,60.14,-45.24,35.56,86,88,10.78
175,Muktsar,IN,2020-10-03 21:22:41,30.48,74.52,72.99,23,0,1.7
176,Los Llanos De Aridane,ES,2020-10-03 21:22:41,28.66,-17.92,73.4,83,15,16.11
177,Port Augusta,AU,2020-10-03 21:22:41,-32.5,137.77,64.4,72,40,4.7
178,Bilma,NE,2020-10-03 21:22:41,18.69,12.92,90.91,14,0,4.94
179,Kousseri,CM,2020-10-03 21:22:41,12.08,15.03,80.6,83,2,1.12
180,Lompoc,US,2020-10-03 21:22:42,34.64,-120.46,87.8,53,1,12.75
181,Dingli,MT,2020-10-03 21:22:42,35.86,14.38,86.0,51,100,13.87
182,Verkhnevilyuysk,RU,2020-10-03 21:22:42,63.45,120.32,28.58,94,95,7.45
183,Vallenar,CL,2020-10-03 21:22:42,-28.57,-70.76,74.79,19,84,7.2
184,Yenagoa,NG,2020-10-03 21:22:42,4.92,6.26,75.78,94,100,3.67
185,Lorengau,PG,2020-10-03 21:22:42,-2.02,147.27,82.74,73,32,9.75
186,Hare Bay,CA,2020-10-03 21:22:42,48.85,-54.01,64.0,67,75,13.87
187,Zhicheng,CN,2020-10-03 21:22:43,30.3,111.5,62.01,97,100,2.71
188,Gasa,PS,2020-10-03 21:22:43,31.5,34.47,75.2,64,40,5.82
189,Vostok,RU,2020-10-03 21:22:43,46.49,135.88,36.05,99,2,5.99
190,Bhadrapur,NP,2020-10-03 21:19:30,26.54,88.09,78.42,87,100,2.64
191,Stykkisholmur,IS,2020-10-03 21:22:43,65.08,-22.73,42.49,82,100,9.57
192,Buchen,DE,2020-10-03 21:22:43,49.52,9.32,45.0,95,0,6.31
193,Gizo,SB,2020-10-03 21:22:43,-8.1,156.84,81.01,71,2,8.7
194,Vila,PT,2020-10-03 21:22:43,42.03,-8.16,50.0,93,87,1.01
195,Itaituba,BR,2020-10-03 21:22:44,-4.28,-55.98,95.72,36,61,0.94
196,Amsterdam,NL,2020-10-03 21:22:44,52.37,4.89,51.01,93,66,10.29
197,Logansport,US,2020-10-03 21:22:44,40.75,-86.36,60.8,38,90,9.17
198,Northam,GB,2020-10-03 21:22:44,51.03,-4.22,54.0,84,100,8.01
199,Srednekolymsk,RU,2020-10-03 21:22:44,67.45,153.68,26.71,95,26,8.03
200,Buraydah,SA,2020-10-03 21:22:44,26.33,43.98,78.8,34,0,2.24
201,Port Lavaca,US,2020-10-03 21:22:45,28.61,-96.63,84.99,45,1,11.41
202,Muli,MV,2020-10-03 21:22:45,2.92,73.57,79.99,79,100,12.62
203,Saskylakh,RU,2020-10-03 21:22:45,71.92,114.08,21.99,96,79,13.47
204,Fare,PF,2020-10-03 21:22:45,-16.7,-151.02,79.29,76,3,18.88
205,Ambon,ID,2020-10-03 21:22:45,-3.7,128.18,75.2,94,75,2.24
206,Tiksi,RU,2020-10-03 21:22:45,71.69,128.87,24.58,95,77,21.47
207,Quartucciu,IT,2020-10-03 21:22:45,39.25,9.18,61.0,87,20,3.36
208,Tautira,PF,2020-10-03 21:22:45,-17.73,-149.15,86.0,62,20,4.7
209,Oistins,BB,2020-10-03 21:20:26,13.07,-59.53,84.2,70,20,14.99
210,Disna,BY,2020-10-03 21:22:46,55.57,28.2,55.33,84,100,13.04
211,Machaneng,BW,2020-10-03 21:21:12,-23.19,27.49,75.38,57,35,16.08
212,Souillac,MU,2020-10-03 21:22:46,-20.52,57.52,71.6,88,40,1.12
213,Thompson,CA,2020-10-03 21:21:16,55.74,-97.86,42.8,60,90,8.05
214,Vuktyl,RU,2020-10-03 21:22:46,63.86,57.31,31.19,98,0,5.37
215,Douentza,ML,2020-10-03 21:22:46,15.0,-2.95,90.45,40,4,5.97
216,Bahia Blanca,AR,2020-10-03 21:22:46,-38.72,-62.27,50.83,47,81,16.15
217,Zhigansk,RU,2020-10-03 21:22:47,66.77,123.37,31.69,99,100,16.78
218,Wajir,KE,2020-10-03 21:22:47,1.75,40.06,78.01,66,20,19.75
219,Arlit,NE,2020-10-03 21:22:47,18.74,7.39,98.08,20,49,7.74
220,Sao Felix Do Xingu,BR,2020-10-03 21:22:47,-6.64,-51.99,91.31,31,86,1.68
221,Palmer,US,2020-10-03 21:22:47,42.16,-72.33,64.4,36,40,9.17
222,Dwarka,IN,2020-10-03 21:22:48,22.24,68.97,81.21,77,0,9.44
223,Oranjemund,NA,2020-10-03 21:22:48,-28.55,16.43,58.08,83,0,3.38
224,San Cristobal,VE,2020-10-03 21:21:47,7.77,-72.22,87.8,58,40,6.93
225,Sindor,RU,2020-10-03 21:22:34,62.86,51.89,33.44,91,57,3.4
226,Deputatskiy,RU,2020-10-03 21:22:48,69.3,139.9,22.03,97,95,14.58
227,Porto Santo,PT,2020-10-03 21:22:48,33.07,-16.34,69.8,83,40,10.29
228,Ilulissat,GL,2020-10-03 21:22:49,69.22,-51.1,30.2,80,99,1.12
229,Hasaki,JP,2020-10-03 21:22:49,35.73,140.83,64.4,93,75,3.36
230,Camopi,GF,2020-10-03 21:22:49,3.17,-52.32,77.14,83,99,3.49
231,Cabedelo,BR,2020-10-03 21:22:11,-6.98,-34.83,77.0,78,99,9.17
232,Butiama,TZ,2020-10-03 21:22:49,-1.77,33.97,75.2,73,40,2.66
233,Tual,ID,2020-10-03 21:22:49,-5.67,132.75,80.64,83,100,19.01
234,Pangnirtung,CA,2020-10-03 21:22:49,66.15,-65.71,29.53,92,67,2.89
235,Marystown,CA,2020-10-03 21:22:50,47.17,-55.15,59.0,100,100,7.0
236,Macamic,CA,2020-10-03 21:22:50,48.75,-79.0,41.0,75,90,6.93
237,Scarborough,GB,2020-10-03 21:22:50,54.28,-0.4,55.0,96,100,3.0
238,Andover,GB,2020-10-03 21:22:50,51.21,-1.48,50.0,93,100,11.41
239,Opportunity,US,2020-10-03 21:22:50,47.65,-117.24,78.01,38,1,3.22
240,Isla Vista,US,2020-10-03 21:22:50,34.41,-119.86,90.0,21,0,1.99
241,Lulea,SE,2020-10-03 21:22:50,65.58,22.15,48.2,100,6,3.36
242,Dali,CN,2020-10-03 21:22:51,25.7,100.18,60.67,86,30,3.2
243,Pevek,RU,2020-10-03 21:22:51,69.7,170.31,31.53,98,100,4.76
244,Klaksvik,FO,2020-10-03 21:22:51,62.23,-6.59,48.2,100,100,5.82
245,Leningradskiy,RU,2020-10-03 21:22:51,69.38,178.42,31.01,95,100,12.95
246,Bafoulabe,ML,2020-10-03 21:22:51,13.81,-10.83,75.16,90,100,2.59
247,Tumut,AU,2020-10-03 21:19:11,-35.3,148.22,59.67,72,9,3.6
248,Ancud,CL,2020-10-03 21:22:52,-41.87,-73.82,57.2,35,0,8.05
249,Stornoway,GB,2020-10-03 21:22:52,58.21,-6.39,50.0,93,100,10.29
250,Lac Du Bonnet,CA,2020-10-03 21:22:52,50.25,-96.06,53.01,99,64,4.34
251,Glubczyce,PL,2020-10-03 21:22:52,50.2,17.83,70.0,75,64,21.7
252,La Rioja,ES,2020-10-03 21:22:52,42.25,-2.5,54.0,87,6,4.7
253,Olinda,BR,2020-10-03 21:17:53,-8.01,-34.86,80.6,65,20,13.87
254,Roald,NO,2020-10-03 21:22:52,62.58,6.13,59.0,58,19,14.99
255,Tibacuy,CO,2020-10-03 21:22:53,4.35,-72.46,82.17,76,80,8.34
256,Grand Gaube,MU,2020-10-03 21:22:53,-20.01,57.66,70.0,77,0,1.99
257,College,US,2020-10-03 21:22:53,64.86,-147.8,59.0,54,75,5.12
258,Madras,IN,2020-10-03 21:22:53,13.09,80.28,82.4,78,40,6.93
259,Kazanka,UA,2020-10-03 21:22:53,47.85,32.82,57.2,93,44,6.71
260,Luganville,VU,2020-10-03 21:22:53,-15.53,167.17,78.8,83,75,6.93
261,Meulaboh,ID,2020-10-03 21:22:54,4.14,96.13,77.11,80,100,8.3
262,Ponta Do Sol,PT,2020-10-03 21:22:54,32.67,-17.1,70.0,88,40,11.41
263,Zhezkazgan,KZ,2020-10-03 21:22:54,47.8,67.71,49.08,65,17,5.48
264,Vila Velha,BR,2020-10-03 21:22:54,-20.33,-40.29,82.0,78,0,12.75
265,Ordynskoye,RU,2020-10-03 21:22:54,54.37,81.9,42.4,70,1,11.41
266,Iquique,CL,2020-10-03 21:22:54,-20.22,-70.14,62.6,67,7,20.8
267,San Patricio,MX,2020-10-03 21:22:54,19.22,-104.7,91.4,63,5,11.41
268,Newport,GB,2020-10-03 21:20:12,51.59,-3.0,52.0,93,100,1.99
269,Kenora,CA,2020-10-03 21:22:55,49.82,-94.43,44.6,48,75,5.82
270,Pundaguitan,PH,2020-10-03 21:22:55,6.37,126.17,82.98,76,100,9.35
271,Las Vegas,US,2020-10-03 21:22:51,36.17,-115.14,97.0,5,1,3.36
272,Benghazi,LY,2020-10-03 21:22:55,32.12,20.07,85.15,40,0,23.6
273,Hovd,MN,2020-10-03 21:22:55,48.01,91.64,32.52,83,0,1.19
274,Kachug,RU,2020-10-03 21:22:55,53.96,105.88,25.23,88,0,0.87
275,Cambridge,CA,2020-10-03 21:22:56,43.36,-80.31,52.0,62,90,8.05
276,Kepno,PL,2020-10-03 21:22:56,51.28,17.99,75.0,56,0,15.23
277,Huarmey,PE,2020-10-03 21:22:56,-10.07,-78.15,67.68,70,9,13.09
278,Labuan,MY,2020-10-03 21:22:56,5.28,115.24,75.2,94,20,1.12
279,Quzhou,CN,2020-10-03 21:22:56,28.96,118.87,73.24,91,47,1.99
280,Iskateley,RU,2020-10-03 21:22:56,67.68,53.15,33.1,92,69,6.2
281,Laa,SL,2020-10-03 21:22:57,8.08,-10.77,72.48,97,100,2.04
282,Temir,KZ,2020-10-03 21:22:57,49.14,57.13,51.08,40,0,5.7
283,Udachnyy,RU,2020-10-03 21:22:57,66.42,112.4,30.2,92,90,6.71
284,Bari Sadri,IN,2020-10-03 21:22:57,24.42,74.47,74.41,51,4,4.0
285,Amapa,BR,2020-10-03 21:22:58,1.0,-52.0,87.33,50,87,4.99
286,Ishigaki,JP,2020-10-03 21:22:58,24.34,124.16,77.0,83,20,9.17
287,Yarada,IN,2020-10-03 21:22:58,17.65,83.27,80.6,94,75,2.24
288,Svetlaya,RU,2020-10-03 21:22:58,46.54,138.33,48.04,76,0,8.68
289,Ukhta,RU,2020-10-03 21:22:59,63.57,53.68,30.79,96,0,3.71
290,Mount Gambier,AU,2020-10-03 21:22:59,-37.83,140.77,55.4,93,90,3.36
291,Harper,LR,2020-10-03 21:22:59,4.38,-7.72,77.59,87,81,10.31
292,Port Macquarie,AU,2020-10-03 21:18:26,-31.43,152.92,61.0,99,4,1.01
293,Evensk,RU,2020-10-03 21:22:59,61.95,159.23,38.07,74,11,3.2
294,Brae,GB,2020-10-03 21:22:59,60.4,-1.35,55.4,87,100,18.34
295,Quang Ngai,VN,2020-10-03 21:22:59,15.12,108.8,78.03,87,100,2.51
296,Khatanga,RU,2020-10-03 21:18:05,71.97,102.5,20.39,98,90,12.41
297,Ikongo,MG,2020-10-03 21:23:00,-21.88,47.43,67.48,90,100,1.41
298,Westport,US,2020-10-03 21:20:47,41.14,-73.36,68.0,40,40,13.87
299,Cozumel,MX,2020-10-03 21:23:00,20.51,-86.95,78.8,88,90,9.17
300,Lasa,IT,2020-10-03 21:23:00,46.62,10.7,51.01,93,75,10.29
301,Zhanaozen,KZ,2020-10-03 21:23:00,43.3,52.8,56.5,35,67,8.3
302,Tena,EC,2020-10-03 21:23:00,-0.98,-77.82,66.2,100,90,5.82
303,Ulety,RU,2020-10-03 21:23:01,51.36,112.48,25.48,95,84,4.92
304,Hilo,US,2020-10-03 21:22:43,19.73,-155.09,87.8,45,1,11.41
305,Fomboni,KM,2020-10-03 21:23:01,-12.28,43.74,77.88,77,2,1.97
306,Ust-Barguzin,RU,2020-10-03 21:23:01,53.45,108.98,30.61,92,39,3.18
307,Paragominas,BR,2020-10-03 21:23:02,-2.97,-47.48,85.21,56,71,4.34
308,Torbay,CA,2020-10-03 21:23:02,47.67,-52.73,62.01,100,90,14.99
309,Pafos,CY,2020-10-03 21:23:00,34.77,32.42,68.0,77,40,5.82
310,Hambantota,LK,2020-10-03 21:23:02,6.12,81.12,77.0,100,40,8.05
311,Nsanje,MW,2020-10-03 21:23:02,-16.92,35.26,74.61,63,56,5.68
312,Jalu,LY,2020-10-03 21:23:02,29.03,21.55,86.63,22,0,11.1
313,Sobreira,PT,2020-10-03 21:23:03,41.52,-7.8,55.0,89,41,5.93
314,Pisco,PE,2020-10-03 21:23:03,-13.7,-76.22,68.0,68,40,21.92
315,Marzuq,YE,2020-10-03 21:23:03,14.4,46.47,73.62,37,0,4.05
316,Stokmarknes,NO,2020-10-03 21:23:03,68.56,14.91,48.0,82,0,1.01
317,Copiapo,CL,2020-10-03 21:23:03,-27.37,-70.33,59.0,62,90,18.34
318,Leh,IN,2020-10-03 21:23:03,34.17,77.58,40.53,50,0,3.49
319,Saint Anthony,US,2020-10-03 21:23:04,45.02,-93.22,51.01,49,90,4.7
320,Simbahan,PH,2020-10-03 21:23:04,6.3,120.58,84.13,75,75,12.97
321,Puta,AZ,2020-10-03 21:23:04,40.3,49.66,66.2,68,0,6.93
322,Berlevag,NO,2020-10-03 21:23:04,70.86,29.09,48.2,81,40,10.29
323,Pedernales,DO,2020-10-03 21:23:04,18.04,-71.74,80.6,88,75,9.17
324,Rawson,AR,2020-10-03 21:23:04,-43.3,-65.1,55.13,37,0,19.48
325,Vaitape,PF,2020-10-03 21:23:04,-16.52,-151.75,79.09,75,10,18.07
326,Lucea,JM,2020-10-03 21:23:05,18.45,-78.17,87.8,70,20,18.34
327,Saint-Pierre,RE,2020-10-03 21:23:05,-21.34,55.48,73.4,78,90,13.87
328,Digras,IN,2020-10-03 21:23:05,20.12,77.72,74.26,70,100,6.11
329,Kruisfontein,ZA,2020-10-03 21:23:05,-34.0,24.73,60.01,92,85,3.0
330,Carutapera,BR,2020-10-03 21:23:06,-1.2,-46.02,80.85,74,100,9.17
331,Portland,US,2020-10-03 21:21:03,45.52,-122.68,75.0,64,20,3.36
332,Jizan,SA,2020-10-03 21:23:06,17.33,42.67,80.6,74,20,4.7
333,Lahaina,US,2020-10-03 21:21:27,20.88,-156.68,91.4,46,20,5.82
334,Yanam,IN,2020-10-03 21:23:06,16.73,82.22,77.56,92,91,6.11
335,Betsiamites,CA,2020-10-03 21:23:06,48.94,-68.65,50.0,53,90,8.05
336,Ballina,AU,2020-10-03 21:23:06,-28.87,153.57,60.01,93,75,2.24
337,Henties Bay,NA,2020-10-03 21:23:07,-22.12,14.28,55.0,89,1,9.91
338,Roros,NO,2020-10-03 21:23:07,62.57,11.38,48.2,87,94,17.22
339,Suriapet,IN,2020-10-03 21:23:07,17.15,79.62,78.39,75,100,7.18
340,Robertsport,LR,2020-10-03 21:23:07,6.75,-11.37,78.53,85,100,10.22
341,Grindavik,IS,2020-10-03 21:20:43,63.84,-22.43,41.0,93,90,13.87
342,Bud,US,2020-10-03 21:23:07,39.45,-86.18,61.0,44,90,4.7
343,Ponta Delgada,PT,2020-10-03 21:23:07,37.73,-25.67,69.8,88,75,10.29
344,Miri,MY,2020-10-03 21:23:07,4.41,114.01,75.2,100,40,2.24
345,Mahanoro,MG,2020-10-03 21:23:08,-19.9,48.8,71.82,87,94,3.2
346,Guider,CM,2020-10-03 21:23:08,9.93,13.95,79.41,74,24,1.34
347,Ankara,TR,2020-10-03 21:22:29,39.92,32.85,62.01,53,33,2.15
348,Bengkulu,ID,2020-10-03 21:23:08,-3.8,102.27,75.92,84,100,7.02
349,Beringovskiy,RU,2020-10-03 21:23:08,63.05,179.32,36.77,94,100,16.91
350,Dingle,PH,2020-10-03 21:23:08,11.0,122.67,76.19,87,95,0.92
351,Pingdingshan,CN,2020-10-03 21:20:45,33.74,113.3,60.39,70,100,10.07
352,Bathsheba,BB,2020-10-03 21:23:09,13.22,-59.52,84.2,70,20,14.99
353,Yulara,AU,2020-10-03 21:23:09,-25.24,130.99,68.0,88,90,3.36
354,General Roca,AR,2020-10-03 21:23:09,-39.03,-67.58,48.2,45,100,8.05
355,Comodoro Rivadavia,AR,2020-10-03 21:23:09,-45.87,-67.5,66.2,20,0,11.41
356,Progreso,MX,2020-10-03 21:23:09,21.28,-89.67,75.99,94,90,18.34
357,Concepcion Del Oro,MX,2020-10-03 21:23:09,24.63,-101.42,67.59,24,0,4.99
358,Oboyan,RU,2020-10-03 21:23:09,51.21,36.28,50.0,56,6,6.71
359,Maumere,ID,2020-10-03 21:23:09,-8.62,122.21,78.31,78,96,6.6
360,Acapulco,MX,2020-10-03 21:22:16,16.86,-99.89,87.8,74,40,8.05
361,Lucapa,AO,2020-10-03 21:23:10,-8.42,20.74,73.83,61,38,4.59
362,Bilibino,RU,2020-10-03 21:23:10,68.05,166.44,25.57,87,92,1.34
363,Oussouye,SN,2020-10-03 21:23:10,12.48,-16.55,84.2,89,40,9.17
364,Kajaani,FI,2020-10-03 21:23:10,64.23,27.73,44.6,93,20,6.93
365,Baherden,TM,2020-10-03 21:23:10,38.44,57.43,58.35,33,3,3.22
366,Port-Cartier,CA,2020-10-03 21:23:11,50.03,-66.87,51.01,46,75,9.17
367,Fasa,IR,2020-10-03 21:23:11,28.94,53.65,64.4,34,0,1.25
368,Belebey,RU,2020-10-03 21:23:11,54.12,54.12,49.62,83,52,5.39
369,Bairnsdale,AU,2020-10-03 21:23:11,-37.83,147.62,69.01,43,100,5.01
370,Ilhabela,BR,2020-10-03 21:19:12,-23.78,-45.36,73.71,89,83,5.17
371,Bamora,IN,2020-10-03 21:23:11,24.06,78.09,74.32,43,61,2.59
372,Tiznit,MA,2020-10-03 21:23:11,29.58,-9.5,62.82,72,0,6.22
373,Lapua,FI,2020-10-03 21:23:12,62.97,23.01,52.0,88,17,1.01
374,Mende,FR,2020-10-03 21:23:12,44.67,3.5,39.72,98,100,18.1
375,Akdepe,TM,2020-10-03 21:23:12,42.06,59.38,48.2,49,9,6.93
376,Dekar,BW,2020-10-03 21:23:12,-21.53,21.93,71.53,20,0,3.83
377,North Platte,US,2020-10-03 21:21:36,41.12,-100.77,66.2,32,40,11.41
378,Richards Bay,ZA,2020-10-03 21:23:12,-28.78,32.04,67.8,92,100,12.44
379,Jutai,BR,2020-10-03 21:23:12,-5.18,-68.9,87.44,58,84,0.25
380,Saint-Augustin,CA,2020-10-03 21:21:15,51.23,-58.65,52.45,63,21,14.43
381,Pocoes,BR,2020-10-03 21:23:13,-14.53,-40.37,71.06,49,0,5.88
382,Hobyo,SO,2020-10-03 21:23:13,5.35,48.53,79.66,78,52,16.93
383,Boca Do Acre,BR,2020-10-03 21:23:13,-8.75,-67.4,93.02,41,41,1.83
384,Mangrol,IN,2020-10-03 21:23:13,21.12,70.12,80.13,80,0,8.37
385,Katsuura,JP,2020-10-03 21:23:14,35.13,140.3,69.8,88,75,1.12
386,Makakilo City,US,2020-10-03 21:23:14,21.35,-158.09,86.0,66,1,10.29
387,Sambava,MG,2020-10-03 21:23:14,-14.27,50.17,74.16,81,59,7.31
388,Imbituba,BR,2020-10-03 21:23:14,-28.24,-48.67,60.8,93,75,11.41
389,Ayagoz,KZ,2020-10-03 21:23:14,47.97,80.44,38.01,74,0,2.42
390,Skegness,GB,2020-10-03 21:23:14,53.14,0.34,55.4,93,75,9.17
391,Gao,ML,2020-10-03 21:23:14,16.64,1.64,93.29,30,76,8.48
392,Prince George,CA,2020-10-03 21:23:15,53.92,-122.75,64.99,68,1,8.05
393,Coria,ES,2020-10-03 21:23:15,39.99,-6.54,54.0,65,0,1.99
394,Kattivakkam,IN,2020-10-03 21:23:15,13.22,80.32,82.4,78,40,6.93
395,Tura,IN,2020-10-03 21:23:16,25.52,90.22,73.56,93,26,2.01
396,Zeya,RU,2020-10-03 21:23:16,53.75,127.27,40.35,76,100,6.58
397,Padilla,CO,2020-10-03 21:23:16,3.22,-76.31,86.0,30,40,19.46
398,Clyde River,CA,2020-10-03 21:22:32,70.47,-68.59,26.6,86,75,4.7
399,Svetlyy,RU,2020-10-03 21:23:17,54.67,20.13,62.6,82,80,13.42
400,Jacqueville,CI,2020-10-03 21:23:17,5.21,-4.41,78.8,88,20,6.93
401,Ahipara,NZ,2020-10-03 21:23:04,-35.17,173.17,60.87,59,0,2.98
402,Chapais,CA,2020-10-03 21:23:17,49.78,-74.85,41.0,52,90,4.7
403,Nalut,LY,2020-10-03 21:23:17,30.33,10.85,88.47,12,72,10.96
404,Halifax,CA,2020-10-03 21:21:24,44.65,-63.57,61.0,71,9,1.99
405,Zapolyarnyy,RU,2020-10-03 21:23:18,69.42,30.81,48.2,81,75,16.11
406,Hervey Bay,AU,2020-10-03 21:20:46,-25.3,152.85,69.01,67,38,4.0
407,Kangaatsiaq,GL,2020-10-03 21:23:18,68.31,-53.46,34.07,86,98,2.57
408,Bakchar,RU,2020-10-03 21:23:18,57.02,82.07,47.53,82,100,10.74
409,Sokolka,PL,2020-10-03 21:23:18,53.41,23.5,64.0,100,86,17.47
410,Tabas,IR,2020-10-03 21:23:18,33.6,56.92,73.4,24,0,2.24
411,Aksu,CN,2020-10-03 21:23:19,41.12,80.26,55.9,38,71,5.68
412,Petropavlovsk-Kamchatskiy,RU,2020-10-03 21:23:19,53.05,158.65,33.8,70,0,8.95
413,Ulladulla,AU,2020-10-03 21:23:19,-35.35,150.47,66.0,72,4,5.48
414,Mukhen,RU,2020-10-03 21:23:19,48.1,136.1,43.97,91,34,6.64
415,Tsaratanana,MG,2020-10-03 21:23:19,-16.78,47.65,75.04,74,53,1.59
416,Taltal,CL,2020-10-03 21:23:19,-25.4,-70.48,63.93,59,34,7.18
417,Namie,JP,2020-10-03 21:23:20,37.48,141.0,66.0,92,100,3.69
418,Faanui,PF,2020-10-03 21:23:20,-16.48,-151.75,78.24,77,11,18.12
419,Madanapalle,IN,2020-10-03 21:23:20,13.55,78.5,71.01,86,89,8.95
420,Agirish,RU,2020-10-03 21:23:20,61.92,63.02,31.46,93,16,8.37
421,Marsabit,KE,2020-10-03 21:23:20,2.33,37.99,71.06,51,7,19.39
422,Joensuu,FI,2020-10-03 21:23:20,62.6,29.76,46.99,87,87,10.29
423,Manggar,ID,2020-10-03 21:23:21,-2.88,108.27,79.95,85,100,9.15
424,Omboue,GA,2020-10-03 21:23:21,-1.57,9.26,77.36,87,100,6.85
425,Taoudenni,ML,2020-10-03 21:21:04,22.68,-3.98,93.92,18,0,4.16
426,Falam,MM,2020-10-03 21:21:04,22.92,93.68,60.06,100,100,2.15
427,Ifakara,TZ,2020-10-03 21:23:21,-8.13,36.68,77.54,55,2,7.14
428,Marawi,PH,2020-10-03 21:23:21,8.0,124.29,75.0,91,83,5.01
429,Eldorado,BR,2020-10-03 21:23:21,-23.79,-54.28,94.33,27,48,0.47
430,Port Hedland,AU,2020-10-03 21:23:21,-20.32,118.57,68.0,20,99,21.92
431,Goma,CD,2020-10-03 21:23:22,-1.68,29.22,65.79,68,47,2.06
432,Alekseyevka,RU,2020-10-03 21:23:22,50.63,38.69,60.21,33,100,9.44
433,Vestmannaeyjar,IS,2020-10-03 21:23:22,63.44,-20.27,45.43,82,100,14.25
434,Malpura,IN,2020-10-03 21:23:22,26.28,75.38,79.41,41,0,7.27
435,Luau,AO,2020-10-03 21:23:22,-10.71,22.22,75.81,43,2,2.39
436,Umred,IN,2020-10-03 21:23:22,20.85,79.33,77.0,61,20,5.82
437,Slave Lake,CA,2020-10-03 21:23:23,55.28,-114.77,68.0,40,1,4.7
438,Patacamaya,BO,2020-10-03 21:23:23,-17.23,-67.92,55.76,39,1,11.21
439,Gorontalo,ID,2020-10-03 21:23:23,0.54,123.06,75.29,85,77,1.9
440,Hofn,IS,2020-10-03 21:23:23,64.25,-15.21,47.53,93,100,15.1
441,Bintulu,MY,2020-10-03 21:23:23,3.17,113.03,75.2,94,40,4.21
442,Abu Kamal,SY,2020-10-03 21:23:23,34.45,40.92,72.93,32,0,3.91
443,Tapolca,HU,2020-10-03 21:23:24,46.88,17.44,70.0,93,75,5.82
444,Wasco,US,2020-10-03 21:23:24,35.59,-119.34,93.99,28,0,3.36
445,Broadstairs,GB,2020-10-03 21:23:24,51.36,1.44,55.0,79,84,1.99
446,Tsumeb,NA,2020-10-03 21:23:24,-19.23,17.72,76.23,18,63,11.34
447,Tubajon,PH,2020-10-03 21:23:25,10.33,125.56,81.73,80,80,9.1
448,Naze,JP,2020-10-03 21:20:29,28.37,129.48,71.6,94,14,3.36
449,Ewa Beach,US,2020-10-03 21:21:47,21.32,-158.01,86.0,66,1,10.29
450,Lima,PE,2020-10-03 21:23:25,-12.04,-77.03,64.4,77,90,10.29
451,Adwa,ET,2020-10-03 21:23:25,14.16,38.9,61.7,61,87,3.04
452,Brigantine,US,2020-10-03 21:23:26,39.41,-74.36,66.2,39,1,9.17
453,Haines Junction,CA,2020-10-03 21:23:26,60.75,-137.51,47.86,64,100,10.27
454,Oktyabrskoye,RU,2020-10-03 21:23:26,43.06,44.74,55.0,93,93,4.47
455,Barra,BR,2020-10-03 21:23:26,-11.09,-43.14,85.33,24,11,5.97
456,Magadan,RU,2020-10-03 21:23:26,59.57,150.8,41.58,78,100,4.97
457,Antalaha,MG,2020-10-03 21:23:27,-14.9,50.28,69.78,88,12,4.63
458,Srivardhan,IN,2020-10-03 21:23:27,18.03,73.02,78.57,86,84,4.68
459,Manokwari,ID,2020-10-03 21:23:27,-0.87,134.08,79.38,76,100,4.36
460,Bandar,ID,2020-10-03 21:23:27,2.05,99.75,72.93,93,100,2.01
461,Constitucion,CL,2020-10-03 21:23:27,-35.33,-72.42,51.53,58,3,15.23
462,Floriano,BR,2020-10-03 21:22:50,-6.77,-43.02,93.58,25,90,4.76
463,Geraldton,AU,2020-10-03 21:23:27,-28.77,114.6,41.0,86,0,2.24
464,Kerema,PG,2020-10-03 21:23:27,-7.96,145.78,77.22,84,100,6.29
465,Dikson,RU,2020-10-03 21:23:28,73.51,80.55,34.75,86,100,19.06
466,Blagoveshchensk,RU,2020-10-03 21:23:28,50.27,127.53,44.6,100,75,8.95
467,Port Stanley,FK,2020-10-03 21:21:36,-51.7,-57.85,46.4,64,100,26.4
468,Broome,US,2020-10-03 21:23:28,42.25,-75.83,57.0,51,1,6.93
469,Penzance,GB,2020-10-03 21:23:28,50.12,-5.54,51.8,76,55,17.22
470,Paciran,ID,2020-10-03 21:23:28,-6.88,112.38,78.82,79,74,6.73
471,Kijang,KR,2020-10-03 21:23:29,35.24,129.21,66.2,88,75,1.12
472,Kiama,AU,2020-10-03 21:23:29,-34.68,150.87,66.0,73,96,15.01
473,Marand,IR,2020-10-03 21:19:17,38.43,45.77,64.4,55,20,9.17
474,Gremyachinsk,RU,2020-10-03 21:23:29,58.56,57.85,27.0,79,65,4.18
475,Victoria,HK,2020-10-03 21:21:03,22.29,114.16,82.0,80,100,6.78
476,Puerto Ayacucho,VE,2020-10-03 21:23:29,5.66,-67.62,85.78,75,54,1.48
477,Cap-Chat,CA,2020-10-03 21:23:29,49.1,-66.68,47.66,67,44,12.55
478,Marovoay,MG,2020-10-03 21:23:29,-16.1,46.63,78.8,83,20,4.7
479,Ames,US,2020-10-03 21:21:03,42.03,-93.62,57.0,50,90,6.93
480,Komsomolskiy,UZ,2020-10-03 21:23:30,40.43,71.72,53.6,54,1,6.93
481,Broken Hill,AU,2020-10-03 21:23:30,-31.95,141.43,73.4,28,62,13.87
482,San Roque,ES,2020-10-03 21:23:30,36.21,-5.38,64.4,63,0,9.17
483,Lake City,US,2020-10-03 21:23:30,30.19,-82.64,73.0,56,75,11.41
484,Mahenge,TZ,2020-10-03 21:23:30,-8.68,36.72,67.91,67,0,4.0
485,Svetogorsk,RU,2020-10-03 21:23:30,61.11,28.86,55.99,82,99,1.99
486,Ternate,ID,2020-10-03 21:23:31,0.8,127.4,80.92,79,100,5.57
487,Sorland,NO,2020-10-03 21:23:31,67.67,12.69,52.38,76,0,16.28
488,Nouadhibou,MR,2020-10-03 21:23:31,20.93,-17.03,71.6,73,0,19.46
489,Nuoro,IT,2020-10-03 21:23:31,40.32,9.33,64.4,42,5,28.86
490,Brownwood,US,2020-10-03 21:23:31,31.71,-98.99,86.0,27,1,12.75
491,North Bend,US,2020-10-03 21:23:31,43.41,-124.22,61.0,87,90,14.99
492,Itoman,JP,2020-10-03 21:23:31,26.12,127.67,78.8,78,75,9.17
493,Poso,ID,2020-10-03 21:23:32,-1.4,120.75,79.0,70,89,5.28
494,Dunedin,NZ,2020-10-03 21:23:32,-45.87,170.5,53.01,85,83,3.0
495,Angoram,PG,2020-10-03 21:23:32,-4.06,144.07,73.58,97,39,2.39
496,Verkhnyaya Inta,RU,2020-10-03 21:23:32,65.98,60.31,30.92,96,31,6.38
497,Ayorou,NE,2020-10-03 21:23:32,14.73,0.92,94.59,33,1,9.19
498,Axim,GH,2020-10-03 21:23:33,4.87,-2.24,75.7,88,27,6.24
499,Biltine,TD,2020-10-03 21:23:33,14.53,20.92,87.15,45,0,2.66
500,Tuatapere,NZ,2020-10-03 21:23:33,-46.13,167.68,48.99,96,100,11.99
501,Karlstad,SE,2020-10-03 21:23:33,59.38,13.5,55.4,87,75,13.87
502,Glenwood Springs,US,2020-10-03 21:23:33,39.55,-107.32,73.99,25,1,8.05
503,Kavaratti,IN,2020-10-03 21:19:06,10.57,72.64,80.98,70,17,9.33
504,Qinggang,CN,2020-10-03 21:23:33,46.68,126.08,44.4,84,81,3.47
505,Shenjiamen,CN,2020-10-03 21:23:34,29.96,122.3,75.43,86,91,14.2
506,Ilam,NP,2020-10-03 21:23:34,26.92,87.92,66.22,93,100,0.65
507,Ust-Ishim,RU,2020-10-03 21:23:34,57.69,71.17,34.88,87,76,8.97
508,Vao,NC,2020-10-03 21:23:34,-22.67,167.48,70.09,75,5,23.13
509,Harbour Breton,CA,2020-10-03 21:23:34,47.48,-55.8,59.0,100,100,7.0
510,Hue,VN,2020-10-03 21:23:34,16.47,107.6,78.8,94,75,3.36
511,Qasigiannguit,GL,2020-10-03 21:23:34,68.82,-51.19,30.2,80,91,1.12
512,Warri,NG,2020-10-03 21:23:35,5.52,5.75,76.28,90,96,3.31
513,Yerbogachen,RU,2020-10-03 21:23:35,61.28,108.01,30.58,98,93,7.65
514,Batagay,RU,2020-10-03 21:23:35,67.63,134.63,30.43,85,100,8.88
515,Yining,CN,2020-10-03 21:23:35,29.04,114.56,64.11,92,100,2.89
516,Tongren,CN,2020-10-03 21:23:35,27.72,109.19,62.35,89,100,5.08
517,Sechura,PE,2020-10-03 21:23:35,-5.56,-80.82,73.94,59,51,20.67
518,Collie,AU,2020-10-03 21:21:18,-33.37,116.15,48.0,69,75,3.27
519,Ureshino,JP,2020-10-03 21:23:35,33.1,129.98,73.0,83,78,3.36
520,Belle Glade,US,2020-10-03 21:23:36,26.68,-80.67,82.0,86,100,1.01
521,Baryshivka,UA,2020-10-03 21:23:36,50.36,31.32,57.2,93,96,8.95
522,Sao Borja,BR,2020-10-03 21:21:40,-28.66,-56.0,59.77,77,98,18.99
523,Flin Flon,CA,2020-10-03 21:22:23,54.77,-101.86,51.8,40,75,14.99
524,Arman,RU,2020-10-03 21:23:36,59.7,150.17,41.16,77,100,3.74
525,Santiago De Cao,PE,2020-10-03 21:23:36,-7.96,-79.24,64.4,82,88,14.43
526,Saint-Joseph,RE,2020-10-03 21:23:36,-21.37,55.62,73.4,78,90,13.87
527,Primorsk,UA,2020-10-03 21:23:36,46.73,36.34,62.73,78,50,12.03
528,Lalin,ES,2020-10-03 21:23:37,42.72,-8.12,55.0,87,40,6.93
529,Severodvinsk,RU,2020-10-03 21:22:35,64.56,39.83,32.0,83,20,4.47
530,Kisangani,CD,2020-10-03 21:23:37,0.52,25.2,71.04,91,10,2.28
531,Muros,ES,2020-10-03 21:23:37,42.78,-9.06,60.01,78,51,8.01
532,Gander,CA,2020-10-03 21:23:37,48.97,-54.59,64.0,67,75,13.87
533,Podgornoye,RU,2020-10-03 21:23:37,51.73,39.15,53.6,30,90,6.71
534,Chimoio,MZ,2020-10-03 21:23:38,-19.12,33.48,68.0,100,40,6.93
535,Kahului,US,2020-10-03 21:22:47,20.89,-156.47,91.4,46,20,5.82
536,Tabora,TZ,2020-10-03 21:23:38,-5.02,32.8,77.0,31,20,11.41
537,Antri,IN,2020-10-03 21:20:04,26.06,78.21,76.05,37,29,2.51
538,Bontang,ID,2020-10-03 21:23:38,0.13,117.5,77.95,85,100,10.07
539,Plettenberg Bay,ZA,2020-10-03 21:23:38,-34.05,23.37,57.4,88,67,5.08
540,Ginir,ET,2020-10-03 21:23:02,7.13,40.7,58.05,85,33,4.45
541,Asfi,MA,2020-10-03 21:23:38,32.3,-9.24,65.32,65,0,21.23
542,Hengyang,CN,2020-10-03 21:23:39,26.89,112.61,60.73,91,100,7.81
543,Half Moon Bay,US,2020-10-03 21:20:35,37.46,-122.43,88.0,48,5,5.82
544,Urucara,BR,2020-10-03 21:23:39,-2.54,-57.76,91.85,44,100,1.25
545,Nantucket,US,2020-10-03 21:23:39,41.28,-70.1,64.4,55,1,8.05
546,Gazojak,TM,2020-10-03 21:23:39,41.19,61.4,56.12,34,10,9.71
547,Rudnichnyy,RU,2020-10-03 21:23:39,59.62,52.47,34.5,88,44,4.41
548,Namibe,AO,2020-10-03 21:23:39,-15.2,12.15,67.19,68,66,5.5
549,Tahta,EG,2020-10-03 21:23:39,26.77,31.5,84.2,32,0,10.29
550,Madhyamgram,IN,2020-10-03 21:23:40,22.7,88.45,78.8,94,40,3.09
551,Vizinga,RU,2020-10-03 21:23:40,61.07,50.1,33.48,92,1,2.71
552,Kaohsiung,TW,2020-10-03 21:22:06,22.62,120.31,81.0,88,75,2.24
553,Store Heddinge,DK,2020-10-03 21:23:40,55.31,12.39,60.8,87,43,12.75
554,Beroroha,MG,2020-10-03 21:23:40,-21.67,45.17,74.48,58,0,3.71
555,Clarksburg,US,2020-10-03 21:23:40,39.28,-80.34,63.0,36,75,5.01
556,Pinar Del Rio,CU,2020-10-03 21:23:40,22.42,-83.7,75.96,95,100,11.41
557,Egvekinot,RU,2020-10-03 21:23:40,66.32,-179.17,30.11,90,99,10.94
558,Cap Malheureux,MU,2020-10-03 21:23:40,-19.98,57.61,70.0,77,0,1.99
559,Hargeysa,SO,2020-10-03 21:23:41,9.56,44.06,68.94,65,81,10.42
560,Dolores,AR,2020-10-03 21:23:41,-36.31,-57.68,47.84,58,0,11.74
561,Nabire,ID,2020-10-03 21:23:41,-3.37,135.48,74.53,93,100,5.12
562,Lipin Bor,RU,2020-10-03 21:23:41,60.26,37.98,49.78,93,100,7.72
563,Kenai,US,2020-10-03 21:23:41,60.55,-151.26,55.0,58,75,6.93
564,Marshalltown,US,2020-10-03 21:23:41,42.05,-92.91,52.0,57,90,6.93
565,Alto Araguaia,BR,2020-10-03 21:23:41,-17.31,-53.22,95.05,12,0,1.77
566,Shelburne,CA,2020-10-03 21:23:42,44.08,-80.2,50.0,61,90,2.24
567,Hirson,FR,2020-10-03 21:23:42,49.92,4.08,51.01,96,86,1.99
568,Te Anau,NZ,2020-10-03 21:23:42,-45.42,167.72,54.3,86,86,7.65
569,Elko,US,2020-10-03 21:23:42,41.0,-115.5,80.6,8,1,3.36
570,Pumiao,CN,2020-10-03 21:23:42,22.75,108.48,78.8,88,75,4.47
571,Ketchikan,US,2020-10-03 21:23:43,55.34,-131.65,58.12,75,100,2.01
572,Barbastro,ES,2020-10-03 21:23:43,42.04,0.13,52.0,76,40,4.7
573,Nerchinskiy Zavod,RU,2020-10-03 21:23:43,51.31,119.61,39.49,89,100,10.71
574,Arteaga,MX,2020-10-03 21:23:43,18.47,-102.42,78.17,52,33,3.33
575,Solnechnyy,RU,2020-10-03 21:23:43,50.72,136.63,43.11,92,100,2.33
576,Honningsvag,NO,2020-10-03 21:23:43,70.98,25.97,48.2,81,40,10.29
577,Quelimane,MZ,2020-10-03 21:23:43,-17.88,36.89,75.0,94,69,2.24
578,Tomatlan,MX,2020-10-03 21:23:43,19.93,-105.25,89.19,50,0,7.87
579,Dargaville,NZ,2020-10-03 21:23:44,-35.93,173.88,59.47,60,0,1.48
580,Cape Canaveral,US,2020-10-03 21:23:44,28.41,-80.6,77.0,88,20,3.36
581,Noumea,NC,2020-10-03 21:23:26,-22.28,166.46,73.0,68,20,9.17
582,Matamoros,MX,2020-10-03 21:23:44,25.53,-103.25,86.0,16,5,0.74
583,San Jeronimo,PE,2020-10-03 21:23:44,-11.95,-75.28,59.04,47,88,6.33
584,Margate,GB,2020-10-03 21:23:44,51.38,1.39,55.0,79,89,1.99
585,Dawlatabad,AF,2020-10-03 21:23:44,36.41,64.91,54.32,37,0,2.66
586,Mandalgovi,MN,2020-10-03 21:23:45,45.76,106.27,22.03,81,0,10.92
587,Bubaque,GW,2020-10-03 21:23:45,11.28,-15.83,81.75,77,85,10.74
588,Kargil,IN,2020-10-03 21:23:45,34.57,76.1,40.84,59,0,4.5
589,Buala,SB,2020-10-03 21:23:45,-8.14,159.59,82.02,72,0,4.18
590,Salinopolis,BR,2020-10-03 21:23:45,-0.61,-47.36,81.61,77,100,13.29
591,Illapel,CL,2020-10-03 21:23:45,-31.63,-71.17,58.69,38,100,7.63
592,Ayr,GB,2020-10-03 21:23:45,55.46,-4.63,48.2,93,75,6.93
593,Waingapu,ID,2020-10-03 21:23:46,-9.66,120.26,76.84,72,97,5.5
594,Christchurch,NZ,2020-10-03 21:21:35,-43.53,172.63,71.6,35,100,16.11
595,Touros,BR,2020-10-03 21:23:46,-5.2,-35.46,77.0,78,95,9.17
596,Bonthe,SL,2020-10-03 21:23:46,7.53,-12.51,78.24,88,97,7.43
597,Mitsamiouli,KM,2020-10-03 21:23:46,-11.38,43.28,77.13,80,1,1.61
598,Posse,BR,2020-10-03 21:23:46,-14.09,-46.37,87.26,16,0,5.93
599,Zalantun,CN,2020-10-03 21:23:46,48.0,122.72,41.65,85,91,8.14
